Symbol,name,country,sector,industry group,industry,exchange
AESGENER.SN,AES Andes S.A.,Chile,Utilities,Utilities,Independent Power and Renewable Electricity Producers,SGO
ENELAM.SN,Enel Am√©ricas S.A.,Chile,Utilities,Utilities,Electric Utilities,SGO
ENELCHILE.SN,Enel Chile S.A.,Chile,Utilities,Utilities,Electric Utilities,SGO
ENELDXCH.SN,Enel Distribucion Chile S.A.,Chile,Utilities,Utilities,Electric Utilities,SGO
ENELGXCH.SN,Enel Generaci√≥n Chile S.A.,Chile,Utilities,Utilities,Independent Power and Renewable Electricity Producers,SGO
ENJOY.SN,Enjoy S.A.,Chile,Consumer Discretionary,Consumer Services,Hotels, Restaurants & Leisure,SGO
ENLASA.SN,Energ√≠a Latina S.A.,Chile,Utilities,Utilities,Independent Power and Renewable Electricity Producers,SGO
EPERVA.SN,Empresa Pesquera Eperva S.A.,Chile,Consumer Staples,Household & Personal Products,Household Products,SGO
ESSBIO-C.SN,Essbio S.A.,Chile,Utilities,Utilities,Water Utilities,SGO
ESVAL-C.SN,Esval S.A.,Chile,Utilities,Utilities,Water Utilities,SGO
ENAEX.SN,Enaex S.A.,Chile,Materials,Materials,Chemicals,SGO
FALABELLA.SN,Falabella S.A.,Chile,Consumer Discretionary,Consumer Durables & Apparel,Household Durables,SGO
FROWARD.SN,Portuaria Cabo Froward S.A.,Chile,Industrials,Transportation,Marine,SGO
GASCO.SN,Empresas Gasco S.A.,Chile,Utilities,Utilities,Gas Utilities,SGO
GOLF.SN,Sociedad Anonima de Deportes Club de Golf Santiago,Chile,Consumer Discretionary,Consumer Services,Hotels, Restaurants & Leisure,SGO
HF.SN,Hortifrut S.A.,Chile,Consumer Staples,Household & Personal Products,Household Products,SGO
HIPODROMOA.SN,Sociedad Hipodromo Chile S.A.,Chile,Consumer Discretionary,Consumer Services,Hotels, Restaurants & Leisure,SGO
HITES.SN,Empresas Hites S.A.,Chile,Consumer Discretionary,Consumer Durables & Apparel,Household Durables,SGO
IANSA.SN,Empresas Iansa S.A.,Chile,Consumer Staples,Food & Staples Retailing,Food & Staples Retailing,SGO
INDISA.SN,Instituto de Diagn√≥stico S.A.,Chile,Health Care,Health Care Equipment & Services,Health Care Equipment & Supplies,SGO
INGEVEC.SN,Ingevec S.A.,Chile,Real Estate,Real Estate,Real Estate Management & Development,SGO
FORUS.SN,Forus S.A.,Chile,Consumer Discretionary,Consumer Durables & Apparel,Textiles, Apparel & Luxury Goods,SGO
EMILIANA.SN,Vi√±edos Emiliana S.A.,Chile,Consumer Staples,Food, Beverage & Tobacco,Beverages,SGO
EMBONOR-B.SN,Coca-Cola Embonor S.A.,Chile,Consumer Staples,Food, Beverage & Tobacco,Beverages,SGO
EMBONOR-A.SN,Coca-Cola Embonor S.A.,Chile,Consumer Staples,Food, Beverage & Tobacco,Beverages,SGO
CGEGAS.SN,CGE Gas Natural S.A.,Chile,Utilities,Utilities,Multi-Utilities,SGO
CHILE.SN,Banco de Chile,Chile,Financials,Banks,Banks,SGO
CIC.SN,Companias CIC S.A.,Chile,Consumer Discretionary,Consumer Durables & Apparel,Household Durables,SGO
CINTAC.SN,Cintac S.A.,Chile,Materials,Materials,Metals & Mining,SGO
CMPC.SN,Empresas CMPC S.A.,Chile,Materials,Materials,Paper & Forest Products,SGO
COLBUN.SN,Colb√∫n S.A.,Chile,Utilities,Utilities,Electric Utilities,SGO
COLO-COLO.SN,Blanco y Negro S.A.,Chile,Consumer Discretionary,Consumer Services,Hotels, Restaurants & Leisure,SGO
COLOSO.SN,Sociedad Pesquera Coloso S.A.,Chile,Consumer Staples,Household & Personal Products,Household Products,SGO
CONCHATORO.SN,Vi√±a Concha y Toro S.A.,Chile,Consumer Staples,Food, Beverage & Tobacco,Beverages,SGO
COPEC.SN,Empresas Copec S.A.,Chile,Industrials,Capital Goods,Industrial Conglomerates,SGO
COUNTRY-A.SN,Prince of Wales Country Club S.A.I.,Chile,Consumer Discretionary,Consumer Services,Hotels, Restaurants & Leisure,SGO
CRISTALES.SN,Cristaler√≠as de Chile S.A.,Chile,Consumer Discretionary,Retailing,Distributors,SGO
CRUZADOS.SN,Cruzados SADP,Chile,Consumer Discretionary,Consumer Services,Hotels, Restaurants & Leisure,SGO
CTC.SN,Telef√≥nica Chile S.A.,Chile,Communication Services,Telecommunication Services,Diversified Telecommunication Services,SGO
DUNCANFOX.SN,Duncan Fox S.A.,Chile,Consumer Staples,Food & Staples Retailing,Food & Staples Retailing,SGO
ECL.SN,Engie Energia Chile S.A.,Chile,Utilities,Utilities,Electric Utilities,SGO
EDELMAG.SN,Empresa El√©ctrica de Magallanes S.A.,Chile,Utilities,Utilities,Electric Utilities,SGO
EDELPA.SN,Envases del Pacifico S.A.,Chile,Consumer Discretionary,Retailing,Distributors,SGO
EISA.SN,Echeverr√≠a Izquierdo S.A.,Chile,Industrials,Capital Goods,Construction & Engineering,SGO
ELECMETAL.SN,Compa√±√≠a Electro Metal√∫rgica S.A.,Chile,Materials,Materials,Metals & Mining,SGO
ELUXSA.SN,Electrolux de Chile S.A.,Chile,Information Technology,Technology Hardware & Equipment,Electronic Equipment, Instruments & Components,SGO
INVERCAP.SN,Invercap S.A.,Chile,Materials,Materials,Metals & Mining,SGO
CGE.SN,Compa√±√≠a General de Electricidad S.A.,Chile,Utilities,Utilities,Multi-Utilities,SGO
ISANPA.SN,Inmobiliaria San Patricio S.A.,Chile,Real Estate,Real Estate,Real Estate Management & Development,SGO
LAS-CONDES.SN,Cl√≠nica Las Condes S.A.,Chile,Health Care,Health Care Equipment & Services,Health Care Equipment & Supplies,SGO
SALFACORP.SN,SalfaCorp S.A.,Chile,Industrials,Capital Goods,Construction & Engineering,SGO
SANTANA.SN,Santana S.A.,Chile,Financials,Diversified Financials,Capital Markets,SGO
SCHWAGER.SN,Schwager S.A.,Chile,Industrials,Capital Goods,Construction & Engineering,SGO
SCOTIABKCL.SN,Scotiabank Chile, S.A.,Chile,Financials,Banks,Banks,SGO
SECURITY.SN,Grupo Security S.A.,Chile,Financials,Banks,Banks,SGO
SK.SN,Sigdo Koppers S.A.,Chile,Industrials,Capital Goods,Industrial Conglomerates,SGO
SMSAAM.SN,Sociedad Matriz SAAM S.A.,Chile,Industrials,Transportation,Marine,SGO
SMU.SN,SMU S.A.,Chile,Consumer Discretionary,Consumer Durables & Apparel,Household Durables,SGO
SOCOVESA.SN,Socovesa S.A.,Chile,Industrials,Capital Goods,Construction & Engineering,SGO
RIPLEY.SN,Ripley Corp S.A.,Chile,Consumer Discretionary,Consumer Durables & Apparel,Household Durables,SGO
SONDA.SN,Sonda S.A.,Chile,Information Technology,Software & Services,IT Services,SGO
SOQUICOM.SN,Soquimich Comercial S.A.,Chile,Materials,Materials,Construction Materials,SGO
SPORTFRAN.SN,S.A. Inmobiliaria Sport Francais,Chile,Real Estate,Real Estate,Real Estate Management & Development,SGO
SQM-A.SN,Sociedad Qu√≠mica y Minera de Chile S.A.,Chile,Materials,Materials,Chemicals,SGO
SQM-B.SN,Sociedad Qu√≠mica y Minera de Chile S.A.,Chile,Materials,Materials,Chemicals,SGO
TRICOT.SN,Empresas Tricot S.A.,Chile,Consumer Discretionary,Consumer Durables & Apparel,Textiles, Apparel & Luxury Goods,SGO
VAPORES.SN,Compa√±√≠a Sud Americana de Vapores S.A.,Chile,Industrials,Transportation,Marine,SGO
VENTANAS.SN,Puerto Ventanas S.A.,Chile,Industrials,Transportation,Marine,SGO
VOLCAN.SN,Compa√±√≠a Industrial El Volc√°n S.A.,Chile,Materials,Materials,Construction Materials,SGO
VSPT.SN,Vi√±a San Pedro Tarapac√° S.A.,Chile,Consumer Staples,Food, Beverage & Tobacco,Beverages,SGO
SOPROCAL.SN,Soprocal, Caler√≠as e Industrias S.A.,Chile,Materials,Materials,Metals & Mining,SGO
QUINENCO.SN,Qui√±enco SA,Chile,Industrials,Capital Goods,Industrial Conglomerates,SGO
PUCOBRE.SN,Sociedad Punta del Cobre S.A.,Chile,Materials,Materials,Metals & Mining,SGO
POTASIOS-A.SN,Potasios de Chile S.A.,Chile,Industrials,Capital Goods,Industrial Conglomerates,SGO
LIPIGAS.SN,Empresas Lipigas S.A.,Chile,Energy,Energy,Oil, Gas & Consumable Fuels,SGO
LTM.SN,LATAM Airlines Group S.A.,Chile,Industrials,Transportation,Airlines,SGO
MALLPLAZA.SN,Plaza S.A.,Chile,Real Estate,Real Estate,Real Estate Management & Development,SGO
MANQUEHUE.SN,Inmobiliaria Manquehue S.A.,Chile,Real Estate,Real Estate,Real Estate Management & Development,SGO
MASISA.SN,Masisa S.A.,Chile,Materials,Materials,Paper & Forest Products,SGO
MELON.SN,Melon S.A.,Chile,Materials,Materials,Construction Materials,SGO
MINERA.SN,Minera Valparaiso S.A.,Chile,Industrials,Capital Goods,Industrial Conglomerates,SGO
MOLLER.SN,Empresa Constructora Moller y P√©rez Cotapos S.A.,Chile,Industrials,Capital Goods,Construction & Engineering,SGO
MOLYMET.SN,Molibdenos y Metales S.A.,Chile,Materials,Materials,Metals & Mining,SGO
MULTIFOODS.SN,Multiexport Foods S.A.,Chile,Consumer Staples,Household & Personal Products,Household Products,SGO
NAVARINO.SN,Navarino S.A.,Chile,Industrials,Transportation,Marine,SGO
NAVIERA.SN,Grupo Empresas Navieras S.A.,Chile,Industrials,Transportation,Marine,SGO
NITRATOS.SN,Nitratos de Chile S.A.,Chile,Financials,Diversified Financials,Capital Markets,SGO
NORTEGRAN.SN,Norte Grande S.A.,Chile,Financials,Diversified Financials,Capital Markets,SGO
NUEVAPOLAR.SN,Empresas La Polar S.A.,Chile,Consumer Discretionary,Consumer Durables & Apparel,Household Durables,SGO
OXIQUIM.SN,Oxiquim S.A.,Chile,Materials,Materials,Chemicals,SGO
PARAUCO.SN,Parque Arauco S.A.,Chile,Real Estate,Real Estate,Real Estate Management & Development,SGO
PASUR.SN,Forestal Constructora y Comercial del Pacifico Sur SA,Chile,Financials,Diversified Financials,Capital Markets,SGO
PAZ.SN,Paz Corp S.A.,Chile,Real Estate,Real Estate,Real Estate Management & Development,SGO
PEHUENCHE.SN,Empresa El√©ctrica Pehuenche S.A.,Chile,Utilities,Utilities,Electric Utilities,SGO
POLO.SN,Club de Polo y Equitaci√≥n San Crist√≥bal S.A.,Chile,Consumer Discretionary,Consumer Services,Hotels, Restaurants & Leisure,SGO
ITAUCORP.SN,Ita√∫ Corpbanca,Chile,Financials,Banks,Banks,SGO
WATTS.SN,Watt's S.A.,Chile,Consumer Staples,Food & Staples Retailing,Food & Staples Retailing,SGO
ZOFRI.SN,Zona Franca de Iquique S.A.,Chile,Real Estate,Real Estate,Real Estate Management & Development,SGO
CAP.SN,CAP S.A.,Chile,Materials,Materials,Metals & Mining,SGO
CENCOSUD.SN,Cencosud S.A.,Chile,Consumer Discretionary,Consumer Durables & Apparel,Household Durables,SGO
CENCOSHOPP.SN,Cencosud Shopping S.A.,Chile,Real Estate,Real Estate,Real Estate Management & Development,SGO
CEMENTOS.SN,Cementos Bio Bio S.A.,Chile,Materials,Materials,Construction Materials,SGO
CCU.SN,Compa√±√≠a Cervecer√≠as Unidas S.A.,Chile,Consumer Staples,Food, Beverage & Tobacco,Beverages,SGO
CAROZZI.SN,Carozzi S.A.,Chile,Consumer Staples,Food & Staples Retailing,Food & Staples Retailing,SGO
CAMANCHACA.SN,Compa√±√≠a Pesquera Camanchaca S.A.,Chile,Consumer Staples,Household & Personal Products,Household Products,SGO
BSANTANDER.SN,Banco Santander-Chile,Chile,Financials,Banks,Banks,SGO
BLUMAR.SN,Blumar S.A.,Chile,Consumer Staples,Household & Personal Products,Household Products,SGO
BICECORP.SN,Bicecorp S.A.,Chile,Financials,Diversified Financials,Capital Markets,SGO
BOLSASTGO.SN,Bolsa de Comercio de Santiago, Bolsa de Valores,Chile,Financials,Diversified Financials,Capital Markets,SGO
BANVIDA.SN,Banvida S.A.,Chile,Financials,Insurance,Insurance,SGO
AXXION.SN,Axxion S.A.,Chile,Financials,Diversified Financials,Capital Markets,SGO
ANTARCHILE.SN,AntarChile S.A.,Chile,Industrials,Capital Goods,Industrial Conglomerates,SGO
ANDINA-B.SN,Embotelladora Andina S.A.,Chile,Consumer Staples,Food, Beverage & Tobacco,Beverages,SGO
ANDINA-A.SN,Embotelladora Andina S.A.,Chile,Consumer Staples,Food, Beverage & Tobacco,Beverages,SGO
ANASAC.SN,Agr√≠cola Nacional S.A.C. √© I.,Chile,Consumer Staples,Household & Personal Products,Household Products,SGO
ALMENDRAL.SN,Almendral S.A.,Chile,Communication Services,Telecommunication Services,Diversified Telecommunication Services,SGO
AGUAS-A.SN,Aguas Andinas S.A.,Chile,Utilities,Utilities,Water Utilities,SGO
BESALCO.SN,Besalco S.A.,Chile,Industrials,Capital Goods,Construction & Engineering,SGO
CFICCARB-E.SN,Credicorp Cap Asset Mgmt Sa Administra - Fondo de Inversi√≥n Credicorp Capital Alto Rendimiento CLP,Chile,,,,SGO
CFIBTGRE-E.SN,Btg Pactual Chile Sa Administradora General De Fon - Cuota Fondos De Inversion,Chile,,,,SGO
CFIBTGRRA.SN,BTG Pactual Chile S.A. Administradora General De Fondos - BTG Pactual Renta Residencial Fund,Chile,,,,SGO
CFICARVA-E.SN,Capital Advisors Administradora General de Fondos S.A. - Fundo De Investimento Capital Adv Renta Var,Chile,,,,SGO
CFICELDI1.SN,BTG Pactual Desarrollo Inmobiliario I Fondo de Inversi√≥n,Chile,,,,SGO
CFICGLEA-E.SN,Compass Group Chile S.A. Administradora General de Fondos - Compass Latam Equity Fund,Chile,,,,SGO
CFICGGLODB.SN,Compass Group Chile Sa Adm General De Fondos - Compass Global Debt Fondo de Inversi√≥n,Chile,,,,SGO
CFICGGLOEA.SN,Compass Global Equity Fondo de Inversion,Chile,,,,SGO
CFIXLCDR-E.SN,XLC Administradora General De Fondo- XLC Deuda Privada Fund,Chile,,,,SGO
CFIBTGRCA.SN,BTG Pactual Renta Comercial F. I,Chile,,,,SGO
CFICGGLODA.SN,Compass Group Chile Sa Adm General De Fondos - Compass Global Debt Fondo de Inversi√≥n,Chile,,,,SGO
CFIBTGGRA.SN,BTG Pactual Chile S.A. Administradora General De Fondos - BTG Global REITS Fondo de Inversion,Chile,,,,SGO
CFIBGRESTA.SN,Banchile Administradora General De Fondos SA - Fondo De Inversion Banchile Global Real Estate,Chile,,,,SGO
CFIBTGEU.SN,BTG Pactual Chile S.A. Administradora General De Fondos - BTG Pactual Estados Unidos Fundo De Invesi,Chile,,,,SGO
CFIBTGDL-E.SN,BTG Pactual Deuda Latinoamericana Fondo de Inversi√≥n,Chile,,,,SGO
CFIBTGDAPA.SN,BTG Pactual Chile S.A. Administradora General De Fondos - BTG Pactual Deuda Activa Plus Fund,Chile,,,,SGO
CFIBTGCYFA.SN,BTG Pactual Credito Y Facturas Fondo De Inversion,Chile,,,,SGO
CFIBRE6C-E.SN,Compass Group Chile S.A. Administradora General de Fondos - Compass Brep EU VI Real Estate Fondo De,Chile,,,,SGO
CFIBPDCCHA.SN,BTG Pactual Deuda Corporativa Chile Fondo de Inversion,Chile,,,,SGO
CFIBMPEM-E.SN,Banchile Administradora General - Fondo de Inversion MarketPlus Fund,Chile,,,,SGO
CFIBICRVII.SN,Bice Renta Variable Internacional Fondo De Inversion I,Chile,,,,SGO
CFIXDPFR-E.SN,XLC Administradora General De Fondos SA - XLC Deuda Privada Fintech FI Fund,Chile,,,,SGO
CFIBEQTREA.SN,Banchile Administradora General - Fondo De Inversion Equity Trends Fund,Chile,,,,SGO
CFIBTGFGIA.SN,BTG Pactual Chile S.A. Administradora General De Fondos - BTF Finacimiento Garantias Inmov Fund,Chile,,,,SGO
CFIXDPFB-E.SN,XLC Administradora General De Fondos SA - XLC Deuda Privada Fintech FI Fund,Chile,,,,SGO
CFITODPF-E.SN,Toesca SA Administrative General De Fondos- Toesca Deuda Privada Fondo De Inversion,Chile,,,,SGO
CFIWEG-2I.SN,Fondo De Inversion Weg 2,Chile,,,,SGO
CFISANTDCA.SN,Santander Sa Admin General De Fondo - Fondo De Inversion Santander Deuda Corporativa Fund,Chile,,,,SGO
CFISANTDLA.SN,Santander Sa Admin General De Fondo - Fondo De Inversion Santander Deuda Corporativa Fund,Chile,,,,SGO
CFISCCH.SN,BTG Pactual Small Cap Chile,Chile,,,,SGO
CFISECHYCF.SN,Fondo De Inversion Security Hy Chile Serie F - Cuota De Fondo De Inversion,Chile,,,,SGO
CFISECRFN3.SN,Fondo De Inversion Security Renta Fija Nacional,Chile,,,,SGO
CFISECRI1A.SN,Administradora General De Fondos Security SA - Fondo De Inversion Security Rentas Inmobiliarias I,Chile,,,,SGO
CFISMH1A-E.SN,Singular Asset Management Adm Gen Fondos SA - Fondo de Inversion Singular Residential Fund,Chile,,,,SGO
CFISMH1B-E.SN,Singular Asset Management Adm Gen Fondos SA - Fondo de Inversion Singular Residential Fund,Chile,,,,SGO
CFISUDCHE.SN,Administradora General de Fondos Sura, S.A. - Fondo de Inversi√≥n SURA Deuda Chile Fund,Chile,,,,SGO
CFISURI3.SN,Administradora General de Fondos Sura, S.A.-Fondo de Inversion Sura Renta Inmobiliara III,Chile,,,,SGO
CFITACPI-E.SN,Tanner Asset Management ADM GE Fund SA - Tam ACPI Private Debt Fondo De Inversion Fund,Chile,,,,SGO
CFITACTI-A.SN,Sartor Administradora General de Fondos S.A. - Fondo De Inversion Sartor Tactico Fund,Chile,,,,SGO
CFITAINA.SN,Sartor Administradora General de Fondos S.A. - Fondo De Inversion Sartor Tactico Fund,Chile,,,,SGO
CFITODPA-E.SN,Toesca SA Administrative General De Fondos- Toesca Deuda Privada Fondo De Inversion,Chile,,,,SGO
CFIBEDRA-E.SN,Fondo de Inversion EDR Fund Emerging Credit,Chile,,,,SGO
CFITODPS-E.SN,Toesca SA Administrative General De Fondos- Toesca Deuda Privada Fondo De Inversion,Chile,,,,SGO
CFITOERI1A.SN,Toesca Rentas Inmobiliarias Fondo de Inversi√≥n,Chile,,,,SGO
CFITOERI1C.SN,Toesca Rentas Inmobiliarias Fondo de Inversi√≥n,Chile,,,,SGO
CFITOERRA.SN,Toesca S.A. Administradora General De Fondos - Toesca Renta Residencial Fondo De Inversion,Chile,,,,SGO
CFITREDA.SN,BTG Pactual T. Rowe Price Flexible Emerging Market Debt Fondo De Inversi√≥n Fund,Chile,,,,SGO
CFIVCOIA-E.SN,Volcomcapital Administradora General De Fondos SA - Volcomcapital Coinversions Investment Fund,Chile,,,,SGO
CFIVDP2A-E.SN,Volcomcapital ADM General De Fondos S.A - Fondo de Invesion Deuda Privada Peru Fund,Chile,,,,SGO
CFIWEG-1.SN,Weg ADM General De Fondos SA - Fondo De Inversion Weg-1 Fund,Chile,,,,SGO
CFIWEG-3.SN,Weg ADM General De Fondos SA - Fondo De Inversion Weg-3 Fund,Chile,,,,SGO
CFIBCISCCL.SN,BCI Asset Management Administradora General De Fondos SA - BCI Small Cap Chile Fondo De Inversi√≥n,Chile,,,,SGO
CFIBCHDALT.SN,Banchile Administradora General - Fondo De Inversion Deuda Alto Rendimiento Fund,Chile,,,,SGO
CFIBCHSMCA.SN,Chile Fondo de Inversion Small Cap,Chile,,,,SGO
CFIAMDDI-E.SN,Ameris Capital Administradora General de Fondos S.A.- Fundo de Inversion Ameris Deuda Directa Fund,Chile,,,,SGO
CFIAMDDC-E.SN,Ameris Capital Administradora General de Fondos S.A.- Fundo de Inversion Ameris Deuda Directa Fund,Chile,,,,SGO
CFIAMDDA-E.SN,Ameris Capital Administradora General de Fondos S.A.- Fundo de Inversion Ameris Deuda Directa Fund,Chile,,,,SGO
CFIALHDB-E.SN,Larrain Vial Activos SA Admin Gen - Fondo de Inversion Activa Leasing Habitacional Deuda Hipotecaria,Chile,,,,SGO
CFIALHDA-E.SN,Larrain Vial Activos SA Admin Gen - Fondo de Inversion Activa Leasing Habitacional Deuda Hipotecaria,Chile,,,,SGO
CFIALGTB-E.SN,Ameris Capital Administradora General De Fondos S.A. - Ameris LGT CCO II Fondo De Inversion,Chile,,,,SGO
CFIALGTA-E.SN,Ameris Capital Administradora General De Fondos S.A. - Ameris LGT CCO II Fondo De Inversion,Chile,,,,SGO
CFIAFIIB-E.SN,Larrain Vial Activos Sa Admin Gen - Fondo Inversion Activa Financiamiento Inmobiliario Fund,Chile,,,,SGO
CFIAFIIA-E.SN,Larrain Vial Activos Sa Admin Gen - Fondo Inversion Activa Financiamiento Inmobiliario Fund,Chile,,,,SGO
CFIAFESA.SN,Larrain Vial Activos S A - Cuota De Fondo De Inversion,Chile,,,,SGO
CFIAEA-E.SN,Larrain Vial Activos Sa Admin Gen - Fondo Inversion Activa Estrategia Auto Fund,Chile,,,,SGO
CFIADI6A-E.SN,Ameris Capital Administradora General de Fondos S.A.- FI Ameris Desarrollo Inmobiliario Peru Fund,Chile,,,,SGO
CFIADH3R.SN,Larrain Vial Activos S A - Cuota De Fondo De Inversion,Chile,,,,SGO
CFIADGHI.SN,Ameris Cap Administra Gen De Fondos SA - Ameris Deuda con Garantia Hipotecaria Fondo de Inversion,Chile,,,,SGO
CFIADGHC.SN,Ameris Cap Administra Gen De Fondos SA - Ameris Deuda con Garantia Hipotecaria Fondo de Inversion,Chile,,,,SGO
CFIADAG-A.SN,Fondo De Inversion Activa Deuda Automotriz Global - Cuota De Fondo De Inversion,Chile,,,,SGO
CFIACOLA-E.SN,Ameris Financiamiento Colateralizado I Fondo De Inversion,Chile,,,,SGO
CFIACESC-E.SN,Ameris Capital Administradora General De Fondos S.A. - Ameris CESL II Fondo De Inversion Fund,Chile,,,,SGO
CFIACESB-E.SN,Ameris Capital Administradora General De Fondos S.A. - Ameris CESL II Fondo De Inversion Fund,Chile,,,,SGO
CFIACESA-E.SN,Ameris Capital Administradora General De Fondos S.A. - Ameris CESL II Fondo De Inversion Fund,Chile,,,,SGO
CFIACCIA-E.SN,Ameris Capital Administradora General de Fondos S.A. - Ameris Carteras Comerciales Fondo de Inversio,Chile,,,,SGO
CFI-OREIAE.SN,Singular Asset Mgmt Admgral De Fondos Sa - Fondo de Inversion Singular Oaktree Real Estate Income,Chile,,,,SGO
CFI-CGGLTB.SN,Copass Group Chile - Compass Global Trends Fund,Chile,,,,SGO
CFIAMDHY-B.SN,Ameris Deuda Corporativa Chile High Yield Fondo De Inversion,Chile,,,,SGO
CFIBCHUETA.SN,Banchile Administradora General - Fondo De Inversion USA Equity Fund,Chile,,,,SGO
CFIAMDVACA.SN,Ameris Capital Administradora General de Fondos S.A.- Fundo de Inversion Ameris DVA All Cap Chile Fu,Chile,,,,SGO
CFIAMDVAMA.SN,Compass Group Chile S.A. Administradora General de Fondos - Fondo de Inversi√≥n Compass DVA Multiaxis,Chile,,,,SGO
CFIBCHREN1.SN,Fondo de Inversi√≥n Banchile Rentas Inmobiliarias,Chile,,,,SGO
CFIBCHMPUS.SN,Banchile Administradora General - Fondo de Inversion MarketPlus Fund,Chile,,,,SGO
CFIBCHMPGB.SN,Banchile Administradora General - Fondo de Inversion MarketPlus Fund,Chile,,,,SGO
CFIBCHLCHY.SN,Fondo De Inversion Latam Corporate High Yield,Chile,,,,SGO
CFIBCHEMEQ.SN,Banchile Administradora General de Fondos SA - Banchile Fund Inversion Emerging Equity Fund,Chile,,,,SGO
CFIBCHEETA.SN,Banchile Administradora General - Fondo De Inversion Europe Equity,Chile,,,,SGO
CFIBCHDEGB.SN,Banchile Administradora General - Fondo de Inversion Deuda Global Fund,Chile,,,,SGO
CFIBCHDECH.SN,Banchile Administradora General - Fondo de Inversi√≥n Deuda Chilena Fund,Chile,,,,SGO
CFISANDCHA.SN,Santander SA Administradora General de Fondos - Fondo de Inversion Santander Deuda Fund,Chile,,,,SGO
CFIBCHBLEN.SN,Fondo de Inversion Chile Blend,Chile,,,,SGO
CFIBANOROA.SN,Banchile Adm General De Fondos Sa - Fondo de Inversi√≥n Banchile Oro,Chile,,,,SGO
CFIBAIN10A.SN,Banchile Adm General De Fondos SA - Fondo De Inversion Inmobiliario X,Chile,,,,SGO
CFIBACHLAT.SN,Small Mid Cap Latam Fondo de Inversion,Chile,,,,SGO
CFIASSCP-E.SN,Ameris Capital Administradora General De Fondos S.A. - Ameris Finance Corto Plazo Fondo De Inversion,Chile,,,,SGO
CFIASPCP-E.SN,Ameris Capital Administradora General De Fondos S.A. - Ameris Finance Corto Plazo Fondo De Inversion,Chile,,,,SGO
CFIAMN9A-E.SN,Ameris Capital Administradora General de Fondos S.A - Ameris Private Equity Fund,Chile,,,,SGO
CFIAMG3R-E.SN,Ameris Capital Administradora General de Fondos S.A. - Ameris NM Guardian III Fund,Chile,,,,SGO
CFIAMG2A-E.SN,Ameris Capital Administradora General de Fondos S.A. - Ameris NM Guardian II Fund,Chile,,,,SGO
CFIAMDVATA.SN,Ameris Capital Administradora General de Fondos S.A - Ameris DVA Medtech Fund,Chile,,,,SGO
CFIAMDVASC.SN,Ameris Capital Administradora General De Fondos S.A. - Ameris Dva Silicon Fund Fondo De Inversion,Chile,,,,SGO
CFIAMDVASA.SN,Ameris Capital Administradora General De Fondos S.A. - Ameris Dva Silicon Fund Fondo De Inversion,Chile,,,,SGO
CFIAMDVAMD.SN,Compass Group Chile S.A. Administradora General de Fondos - Fondo de Inversi√≥n Compass DVA Multiaxis,Chile,,,,SGO
CFIAMDVAMC.SN,Compass Group Chile S.A. Administradora General de Fondos - Fondo de Inversi√≥n Compass DVA Multiaxis,Chile,,,,SGO
CFIAMDVADA.SN,Ameris Capital Administradora General de Fondos S.A.- DVA Deuda Privada USA FI Fund,Chile,,,,SGO
CFIRENTCOM.SN,Sartor Administradora General De Fondos Sa - Fondo de Inversion Sartor Renta Comercial,Chile,,,,SGO
CFIQRL-A.SN,CHG Renta Local Fondo de Inversi√≥n,Chile,,,,SGO
CFIQRGH.SN,Chg Renta Global Fondo De Inversion,Chile,,,,SGO
CFIFYNMIGD.SN,Fondo de Inversion Fynsa Migrante,Chile,,,,SGO
CFIFYNRF2A.SN,Fondo De Inversion Fynsa Renta Fija Privada II,Chile,,,,SGO
CFIFYNSAD2.SN,FYNSA Adm Gen De Fondos Sa - Fondo De Inversi√≥n Fynsa Desarollo Inmobiliario,Chile,,,,SGO
CFIFYNSADB.SN,FYNSA Administradora General De Fondos S.A.- Fondo De Inversion Fynsa Deuda Chile Fund,Chile,,,,SGO
CFIFYNSAVE.SN,Fondo De Inversion Fynsa Renta Fija Privada I Serie Ejecutiva,Chile,,,,SGO
CFIGC.SN,Singular Asset Management Adm Gen Fondos SA - Fondo de Inversion Singular Global Corporates Fund,Chile,,,,SGO
CFIGCPA-E.SN,Compass Global Credit CLP Fondo de Inversi√≥n,Chile,,,,SGO
CFIGCPB-E.SN,Compass Global Credit CLP Fondo de Inversi√≥n,Chile,,,,SGO
CFIGCPC-E.SN,Compass Global Credit CLP Fondo de Inversi√≥n,Chile,,,,SGO
CFIGCUA-E.SN,Compass Global Credit CLP Fondo de Inversi√≥n,Chile,,,,SGO
CFIHMCBGLA.SN,HMC SA Administradora General De Fondos - Fondo de Inversi√≥n HMC Balanceado Global Fund,Chile,,,,SGO
CFIHMCDPGP.SN,HMC SA Administradora General De Fondos - Fondo de Inversi√≥n HMC Deuda Privada Global Fund,Chile,,,,SGO
CFIHMCRGPB.SN,Nevasa HMC SA Administradora General De Fondos - Fondo de Inversion HMC Renta Global Pesos,Chile,,,,SGO
CFIFYNMIGA.SN,Fondo de Inversion Fynsa Migrante,Chile,,,,SGO
CFIHMI3R-E.SN,Nevasa Hmc Sa Administradora General De Fondos - Cuota De Fondo De Inversion,Chile,,,,SGO
CFIIMSCLB.SN,Fondo de Inversi√≥n Credicorp Capital Spread Corporativo Local,Chile,,,,SGO
CFIIMSCLD.SN,Fondo de Inversi√≥n Credicorp Capital Spread Corporativo Local,Chile,,,,SGO
CFIIMSCLE.SN,Fondo de Inversi√≥n Credicorp Capital Spread Corporativo Local,Chile,,,,SGO
CFIIMSCLI.SN,Fondo de Inversi√≥n Credicorp Capital Spread Corporativo Local,Chile,,,,SGO
CFIIMTDC-B.SN,Fondo De Inversi√£‚ÄúN IM Trust Deuda Corporativa Investment Grade Serie B,Chile,,,,SGO
CFIIMTDC-I.SN,Fondo de Inversion IM Trust Deuda Corporativa Investment Grade,Chile,,,,SGO
CFIIMTDSUR.SN,Fondo de Inversi√≥n Credicorp Capital Tierras del Sur,Chile,,,,SGO
CFILCPPG-E.SN, Link Capital Partners Administradora General De Fondos SA-  Fondo de Inversion Link Capital Partner,Chile,,,,SGO
CFILEASA.SN,Sartor Administradora General de Fondos S.A. - Fondo De Inversion Sartor Leasing Fund,Chile,,,,SGO
CFILEASI-E.SN,Sartor Administradora General de Fondos S.A. - Fondo De Inversion Sartor Leasing Fund,Chile,,,,SGO
CFILGTVA-E.SN,Ameris Capital Administradora General de Fondos S.A - Ameris Lgt Secondaries V FI Fund,Chile,,,,SGO
CFILGTVB-E.SN,Ameris Capital Administradora General de Fondos S.A - Ameris Lgt Secondaries V FI Fund,Chile,,,,SGO
CFILVCHI-U.SN,Fondo de Inversion LarrainVial Chile Equity,Chile,,,,SGO
CFIHYUF-A.SN,Larrainvial Asset Management ADM GE - Fundo De Inversion Larrainvial Deuda Latam,Chile,,,,SGO
CFILVCOR-I.SN,Larrain Vial Deuda Corporativa Chile Fondo de Inversion,Chile,,,,SGO
CFIFYNDIIE.SN,FYNSA Adm Gen De Fondos Sa - Fondo De Inversi√≥n Fynsa Desarollo Inmobiliario,Chile,,,,SGO
CFIFALCTAC.SN,Fondo De Inversion Falcom Tactical Chilean Equities,Chile,,,,SGO
CFICIP7B-E.SN,Nevasa HMC SA Administradora General De Fondos - Nevasa HMC CIP VII Global Securities II Fund,Chile,,,,SGO
CFICLCDB-E.SN,Fondo Mutuo Compass Latam Corporate Debt,Chile,,,,SGO
CFICLHYA-E.SN,Compass Group Chile S.A. Administradora General de Fondos - Compass Latam High Yield Fondo De Invers,Chile,,,,SGO
CFICLHYI-E.SN,Compass Group Chile S.A. Administradora General de Fondos - Compass Latam High Yield Fondo De Invers,Chile,,,,SGO
CFICOF3R-E.SN,Compass Group Chile S.A. Administradora General de Fondos - Compass COF III Private Debt Fondo de In,Chile,,,,SGO
CFICOMDPA.SN,Compass Deuda Plus Fondo De Inversion,Chile,,,,SGO
CFICOMDPB.SN,Compass Deuda Plus Fondo De Inversion,Chile,,,,SGO
CFIDEU3P-E.SN,Volcomcapital Administradora General De Fondos - Cuota Fondos De Inversion,Chile,,,,SGO
CFIDHS1.SN,Larrain Vial Act. Sa AGF - Fondo De Inversion Activa Deuda Hipotecaria Con Subsidio Habitacional I,Chile,,,,SGO
CFIDHS2-A.SN,Larrain Vial Activos S A Administradora General De Fondos - Cuota De Fondo De Inversion,Chile,,,,SGO
CFIDLDA-E.SN,BTG Pactual High Yield Latin America Fondo de Inversion,Chile,,,,SGO
CFIEADSCUE.SN,Euroamerica Administradora General - Fondo de Inversion Euroamerica Descuento Fund,Chile,,,,SGO
CFIEAIDMCO.SN,Euroamerica Administradora General - Fondo de Inversi√≥n Euroam√©rica Investments Ahorro Din√°mico,Chile,,,,SGO
CFIFTFEX-E.SN,Frontal Trust Financiamiento Estructurado Exxacon Fondo De Inversion,Chile,,,,SGO
CFIEAIGLAT.SN,Euroamerica Administradora General - Fondo de Inversion Euroamerica Investment Grade Latam Fund,Chile,,,,SGO
CFIEAIHYUF.SN,Fondo de Inversion Euroamerica Investments High Yield UF,Chile,,,,SGO
CFIEAPRO-I.SN,Euroamerica Administradora General De Fondos SA - Fondo de Inversion EuroAmerica Property Fund,Chile,,,,SGO
CFIEARFCHA.SN,Euroamerica Administradora General De Fondos SA - FI Renta Fija Chile Index Fund,Chile,,,,SGO
CFIETFCC.SN,Fondo De Inversion ETF Singular Chile Corporativo,Chile,,,,SGO
CFIETFCD.SN,Fondo de Inversion ETF Singular Chile Corta Duracion,Chile,,,,SGO
CFIETFGE.SN,Fondo De Inversion ETF Singular Global Equities,Chile,,,,SGO
CFIFALCFIG.SN,Falcon ADM General De Fondos SA - Fondo De Inversion Falcom Fixed Income Fund,Chile,,,,SGO
CFIFALCFIM.SN,Falcon ADM General De Fondos SA - Fondo De Inversion Falcom Chilean Fixed Income Fund,Chile,,,,SGO
CFIFALCFIW.SN,Falcon ADM General De Fondos SA - Fondo De Inversion Falcom Chilean Fixed Income Fund,Chile,,,,SGO
CFIFALCGLA.SN,Falcon ADM General De Fondos SA - Fondo De Inversion Falcom Global Strategy Fund,Chile,,,,SGO
CFIFALCGLC.SN,Falcon ADM General De Fondos SA - Fondo De Inversion Falcom Global Strategy Fund,Chile,,,,SGO
CFIFALCGLI.SN,Falcon ADM General De Fondos SA - Fondo De Inversion Falcom Global Strategy Fund,Chile,,,,SGO
CFIFALCSCA.SN,Falcon ADM General De Fondos SA - Fondo De Inversion Falcom Equity Strategy Fund,Chile,,,,SGO
CFIEAIGPCA.SN,Fondo de Inversi√≥n Euroam√©rica Investments Gesti√≥n Patrimonial,Chile,,,,SGO
CFICGGLTB.SN,Copass Group Chile - Compass Global Trends Fund,Chile,,,,SGO
CFILVCOR-O.SN,Fondo De Inversion Larrainvial Deuda Corporativa Fund,Chile,,,,SGO
CFILVDE-A.SN,Larrainvial Asset Management Administradora General - Fundo Inversion Tasas Chile Retorno Absoluto F,Chile,,,,SGO
CFIMBIGL-C.SN,MBI Administradora General de Fondos S.A. - MBI Global Fondo de Inversion,Chile,,,,SGO
CFIMBIOB-E.SN,MBI Oportunidades Fondo de Inversi√≥n,Chile,,,,SGO
CFIMBIRAPV.SN,MBI Administradora General de Fondos S.A. - MBI Deuda Privada Fondo de Inversion,Chile,,,,SGO
CFIMBIRF-A.SN,MBI Deuda Plus Fondo De Inversion,Chile,,,,SGO
CFIMBIRF-C.SN,MBI Deuda Plus Fondo De Inversion,Chile,,,,SGO
CFIMBIRF-D.SN,MBI Administradora General de Fondos S.A. - MBI Deuda Privada Fondo de Inversion,Chile,,,,SGO
CFIMBIRFUS.SN,MBI Renta Fija Plus D√≥lar Fondo De Inversi√≥n,Chile,,,,SGO
CFIMBIRT-A.SN,MBI Administradora General de Fondos S.A. - MBI Rendimiento Total Fondo De Inversion Fund,Chile,,,,SGO
CFIMCRIX-E.SN,Ameris Capital Administradora General de Fondos S.A. - Ameris Mc Renta Industrial Fondo De Inversion,Chile,,,,SGO
CFIMFUS-E.SN,HMC SA Administradora General De Fondos - Fondo de Inversi√≥n HMC Multifamily US Fund,Chile,,,,SGO
CFIMSIGLO.SN,BICE Siglo XXI FI,Chile,,,,SGO
CFINHRFLA.SN,Fondo De Inversion Nevasa HMC Renta Fija Local,Chile,,,,SGO
CFINHRFLB.SN,Fondo De Inversion Nevasa HMC Renta Fija Local,Chile,,,,SGO
CFIMBIGF-B.SN,MBI Administradora General De Fondo - MBI Global Fixed Income Fondo De Inversion,Chile,,,,SGO
CFINRENTAS.SN,Fondo de Inversion Independencia Rentas Inmobiliarias,Chile,,,,SGO
CFIOREIA-E.SN,Singular Asset Mgmt Admgral De Fondos Sa - Fondo de Inversion Singular Oaktree Real Estate Income,Chile,,,,SGO
CFIOREII-E.SN,Singular Asset Mgmt Admgral De Fondos Sa - Fondo de Inversion Singular Oaktree Real Estate Income,Chile,,,,SGO
CFIPASP8-E.SN,Picton Administradora General De Fondos SA - American Securities Partners VIII Fund,Chile,,,,SGO
CFIPD7BP-E.SN,Nevasa HMC SA Administradora General De Fondos - Fondo de Inversi√≥n Nevasa HMC Pearl Diver VII Fund,Chile,,,,SGO
CFIPGTPB-E.SN,Link Capital Partners Administradora General De Fondos SA,Chile,,,,SGO
CFIPROYA.SN,Sartor Administradora General de Fondos S.A. - Fondo De Inversion Sartor Proyeccion Fund,Chile,,,,SGO
CFIPTP8A-E.SN,Picton ADM General De Fondos S.A - Picton Tpg VIII Fondo De Inversion Fund,Chile,,,,SGO
CFIQDCA.SN,Quest Administradora General De Fondos - Quest Deuda Chile Investment Grade FI,Chile,,,,SGO
CFIQDIA-E.SN,Quest Administradora General de Fondos - Quest Doble Impacto Fondo De Inversion,Chile,,,,SGO
CFIQGD-A.SN,CHG Administradora General de Fondos - CHG Global Debt Fund,Chile,,,,SGO
CFIQGE-A.SN,CHG Administradora General de Fondos - CHG Global Equity Fund,Chile,,,,SGO
CFIQRGA.SN,Chg Renta Global Fondo De Inversion,Chile,,,,SGO
CFIQRGB.SN,Chg Renta Global Fondo De Inversion,Chile,,,,SGO
CFINVDPR-E.SN,Nevasa Hmc Sa Administradora General De Fondos - Nevasa Deuda Privada Fund,Chile,,,,SGO
CFILVD1L-E.SN,Fondo De Inversion Desarrollo Inmobiliario I,Chile,,,,SGO
CFIMBIGF-A.SN,MBI Administradora General De Fondo - MBI Global Fixed Income Fondo De Inversion,Chile,,,,SGO
CFIMBIDT-I.SN,MBI Administradora General De Fondo - MBI Deuda Total Fondo De Inversion,Chile,,,,SGO
CFILVDE-I.SN,Larrainvial Asset Management Administradora General - Fundo Inversion Tasas Chile Retorno Absoluto F,Chile,,,,SGO
CFILVDLA-A.SN,Larrainvial Asset Management SICAV - Fondo de Inversi√≥n LarrainVial Deuda Local,Chile,,,,SGO
CFILVDLI-I.SN,Larrainvial Asset Management SICAV - Fondo de Inversi√≥n LarrainVial Deuda Local,Chile,,,,SGO
CFILVDLO-O.SN,Larrainvial Asset Management SICAV - Fondo de Inversi√≥n LarrainVial Deuda Local,Chile,,,,SGO
CFILVDPU-E.SN,Larrainvial Asset Management Administradora General - Fondo De Inversion Larrainvial Deuda Privada F,Chile,,,,SGO
CFILVEU-U.SN,Fondo de Inversi√≥n LarrainVial Estados Unidos,Chile,,,,SGO
CFILVFA-A.SN,Fondo De Inversion Larrainvial Facturas,Chile,,,,SGO
CFILVFA-L.SN,Fondo De Inversion Larrainvial Facturas,Chile,,,,SGO
CFILVHYL-A.SN,Natixis European ABS Opportunities,Chile,,,,SGO
CFILVMAG-A.SN,Fondo de Inversion Larrain Vial - Magallanes II,Chile,,,,SGO
CFILVMXA-E.SN,Larrain Vial Activos S.A. Administradora General - FI Larrain Vial Mexico Mezzanine,Chile,,,,SGO
CFILVMXI-E.SN,Larrain Vial Activos S.A. Administradora General - FI Larrain Vial Mexico Mezzanine,Chile,,,,SGO
CFICGGLOEB.SN,Compass Global Equity Fondo de Inversion,Chile,,,,SGO
CFIMBIGAPV.SN,MBI Administradora General de Fondos S.A. - MBI Global Fondo de Inversion,Chile,,,,SGO
CFILVRR-A.SN,Larrainvial Asset Management Administradora General - Fondo De Inversion Larrainvial Rentas Residenc,Chile,,,,SGO
CFIMBA-APV.SN,MBI Arbitrage Fondo de Inversion,Chile,,,,SGO
CFIMBDPA-E.SN,MBI Administradora General de Fondos S.A. - MBI Deuda Privada Fondo de Inversion,Chile,,,,SGO
CFIMBDPC-E.SN,MBI Administradora General de Fondos S.A. - MBI Deuda Privada Fondo de Inversion,Chile,,,,SGO
CFIMBIAR-A.SN,MBI Arbitrage Fondo de Inversion,Chile,,,,SGO
CFIMBIAR-I.SN,MBI Arbitrage Fondo de Inversion,Chile,,,,SGO
CFIMBIDA-A.SN,MBI Administradora General De Fondo - MBI Deuda Alternativa Fondo De Inversion,Chile,,,,SGO
CFIMBIDA-B.SN,MBI Administradora General De Fondo - MBI Deuda Alternativa Fondo De Inversion,Chile,,,,SGO
CFIMBIDL-A.SN,Mbi Deuda Latam Fondo De Inversion,Chile,,,,SGO
CFIMBIDL-B.SN,Mbi Deuda Latam Fondo De Inversion,Chile,,,,SGO
CFIMBIDL-D.SN,Mbi Deuda Latam Fondo De Inversion,Chile,,,,SGO
CFIMBIDT-A.SN,MBI Administradora General De Fondo - MBI Deuda Total Fondo De Inversion,Chile,,,,SGO
CFIMBIDT-B.SN,MBI Administradora General De Fondo - MBI Deuda Total Fondo De Inversion,Chile,,,,SGO
CFIMBIDT-C.SN,MBI Administradora General De Fondo - MBI Deuda Total Fondo De Inversion,Chile,,,,SGO
CFILVSCC-U.SN,Fondo de Inversion LarrainVial Small Cap Chile Fund,Chile,,,,SGO
CFILVPARI1.SN,Aurus Capital Renta Inmobiliaria Fondo de Inversi√≥n,Chile,,,,SGO